{"hashes":{"03f446ac47eade7cf0c07cfd12a8a748b3aa84f65668755b90c6a136d2bc03e4":{"appid":"gonpemdgkjcecdgbnaabipppbmgfggbe","fp":""},"05399c5840405f4af2454470ceccaa3d097f07e271705cf37c1e5559ce793eeb":{"appid":"khaoiebndkojlmppeemjhbpbandiljpe","fp":""},"2638e3c2d1fa1d417bfdc31dd21bc938f106d3b436a6488b41b014ca9e2b7541":{"appid":"llkgjffcdpffmhiakmfcdcblohccpfmo","fp":""},"3eb16d6c28b502ac4cfee8f4a148df05f4d93229fa36a71db8b08d06329ff18a":{"appid":"giekcmmlnklenlaomppkphknjmnnpneh","fp":""},"53cf0a62db37790f84c9d436e4b5a9073bd770c308ee297e20efbadc28249d43":{"appid":"pmagihnlncbcefglppponlgakiphldeh","fp":""},"545666a4efd056351597bb386aea1368105ededc976ed5650d8682daab9f37ff":{"appid":"ojhpjlocmbogdgmfpkhlaaeamibhnphh","fp":""},"584c82cb7c0ed6b63bd2da658d013f0491fefada8bc994c32f69e244e56bbb51":{"appid":"jflookgnkcckhobaglndicnbbgbonegd","fp":""},"5a9fa530042943eb00293a83a06847d17a4484537c9be25c3f7cb3d9823ab252":{"appid":"hfnkpimlhhgieaddgfemjhofmfblmnib","fp":""},"657085c639821c409bf5883de9cdd4a6af96e0434d6320a668328d4fc9ad9950":{"appid":"ggkkehgbnfjpeggfpleeakpidbkibbmn","fp":""},"831faa9e9d6295bb4969020664f48973e9b8c8bb322bd4aeaa5ac54bcb696979":{"appid":"hajigopbbjhghbfimgkfmpenfkclmohk","fp":""},"8814cb6cab024b119ab991ad7acd74f4df7bc68bbf86c0903c8be9852a5baa55":{"appid":"eeigpngbgcognadeebkilcpcaedhellh","fp":""},"953969d8ce784f0b3c94317f147792886bc5d9f6423ddf8617961238219a4492":{"appid":"kiabhabjdbkjdpjbpigfodbdjmbglcoo","fp":""},"999ef102502736482b57af9c972ee9633a62eda7827598ea3c4a3216614483fe":{"appid":"efniojlnjndmcbiieegkicadnoecjjef","fp":""},"9c74c4645ee52877b70ed4279cff2ab23965e2fff948bf7e6500e57175e68653":{"appid":"niikhdgajlphfehepabhhblakbdgeefj","fp":""},"a164735cf8e03d3354917a0d0b4ead0fdd90f84bc2b66581d52bcfaa5dbe5a7c":{"appid":"jflhchccmppkfebkiaminageehmchikm","fp":""},"a3dacd50f7c50b03c69ac3a5a24967e55f59b6596e295d33f3c76a12211fd389":{"appid":"mcfjlbnicoclaecapilmleaelokfnijm","fp":""},"b9c8fa0dbca7e64987049b556dab42ddb744fe7cd0bef2dd71cf433d6fcc5c3d":{"appid":"ldfkbgjbencjpgjfleiooeldhjdapggh","fp":""},"c52c62a7c50daf7d3f73ec16977cd4b0ea401710807d5dbe3850941dd1b73a70":{"appid":"jamhcnnkihinmdlkakkaopbjbbcngflc","fp":""},"db4723444ca14716421bc880c306291c1c138c07a19ec9a6f1cc15b2ed2db1b5":{"appid":"gcmjkmgdlgnkkcocmoeiminaijmmjnii","fp":""},"e444ba601ac72b669514e6788bc458ac6b4a3f4400f18ad9b297a84eb27009e5":{"appid":"laoigpblnllgcgjnjnllmfolckpjlhki","fp":""},"e4f9be8a10a42888f953c8f94cc3ba146eb0a019150b4b204dcb1259068a87a3":{"appid":"obedbbhbpmojnkanicioggnmelmoomoc","fp":""}}}